ID,Fake Name,Name,ADM1,ADM2,PD1,PD2-1,PD2-2,PD3,Pro-B1-1,Pro-B1-2,Pro-B2-1,Pro-B2-2,Pro-B3,Pro-D1
1,Christopher,A,NO,NO,NO,YES,NO,NO,YES,NO,YES,NO,NO,NO
2,Willis,B,NO,YES,YES,NO,NO,YES,NO,NO,NO,NO,NO,NO
3,Chris,C,YES,NO,NO,NO,YES,NO,NO,NO,NO,NO,YES,NO
4,William,D,NO,YES,NO,NO,NO,YES,NO,NO,NO,NO,NO,NO
5,Sean,E,NO,YES,YES,NO,NO,NO,NO,NO,NO,NO,NO,NO
6,Leslie,F,NO,NO,NO,NO,NO,NO,NO,NO,NO,NO,NO,YES
7,Ellen,G,NO,NO,NO,NO,NO,NO,NO,NO,NO,NO,YES,NO
8,Heidi,H,NO,NO,NO,NO,NO,NO,NO,NO,NO,NO,NO,YES
9,Charlie,I,NO,NO,NO,NO,NO,NO,NO,YES,NO,NO,NO,NO
10,Curry,J,NO,NO,NO,NO,NO,NO,YES,NO,NO,NO,NO,NO
11,Jimmy,K,NO,NO,NO,NO,NO,NO,NO,NO,NO,YES,NO,NO
12,Gia,L,NO,NO,NO,NO,NO,NO,NO,NO,YES,NO,NO,NO
13,Kristy,M,NO,NO,NO,NO,NO,NO,NO,NO,NO,YES,NO,NO
14,Mimic,N,NO,NO,NO,NO,NO,NO,NO,YES,NO,NO,NO,NO
